{
  "method": "differential_evolution",
  "total_duration": 9.52,
  "drones_detail": [
    {
      "drone_id": "FY1",
      "heading_angle_deg": -8.222646134203188,
      "speed": 127.7639197824461,
      "t_release": 24.02199955465976,
      "t_det_delay": 9.44088908266536,
      "t_det": 33.46288863732512,
      "release_pos": [
        20837.593338782975,
        -438.94949547333846,
        1800.0
      ],
      "detonation_pos": [
        22031.39828097524,
        -611.4610921964284,
        1363.2611053111689
      ],
      "new_shielding_s": 0.0
    },
    {
      "drone_id": "FY2",
      "heading_angle_deg": -101.12754434309437,
      "speed": 133.98403102540112,
      "t_release": 3.587239645474259,
      "t_det_delay": 6.6609408306868145,
      "t_det": 10.248180476161075,
      "release_pos": [
        11907.240896813704,
        928.4030703197107,
        1400.0
      ],
      "detonation_pos": [
        11735.001805229456,
        52.721611876563315,
        1182.5961495254373
      ],
      "new_shielding_s": 4.94
    },
    {
      "drone_id": "FY3",
      "heading_angle_deg": 117.37697740178544,
      "speed": 136.23527460744214,
      "t_release": 18.67809819796829,
      "t_det_delay": 7.1834899476647625,
      "t_det": 25.86158814563305,
      "release_pos": [
        4829.876205507065,
        -740.3805488068342,
        700.0
      ],
      "detonation_pos": [
        4379.853273505472,
        128.65619364692907,
        447.14761364181675
      ],
      "new_shielding_s": 4.58
    }
  ],
  "nfev": 180373,
  "elapsed_s": 207.01327252388,
  "success": false,
  "message": "Maximum number of iterations has been exceeded."
}